n,mean,sd,p05,p25,p50,p75,p95,distinct_values,n_at_10,n_out_of_range_in_raw
321190,6.834078178025473,0.8003327578398166,5.8,6.3,6.8,7.4,8.2,81,0,5234
