n,mean,sd,p05,p25,p50,p75,p95,distinct_values,n_at_10,n_out_of_range_in_raw
336796,6.8556565398638964,0.7928053043942056,5.8,6.3,6.8,7.4,8.2,81,2,228125
