n,mean,sd,p05,p25,p50,p75,p95,distinct_values,n_at_10,n_out_of_range_in_raw
1140810,6.84357924632498,0.7809838995666801,5.8,6.3,6.8,7.4,8.2,86,2,0
