sample,coef_per_minute,per_90,n
event_free_all,0.008966761297473012,0.807008516772571,94645
event_free_starters_60plus,0.013980958807595414,1.2582862926835872,64958
