sample,coef_per_minute,per_90,n
event_free_all,0.008914638356087547,0.8023174520478793,247734
event_free_starters_60plus,0.013687563804368402,1.2318807423931561,171544
