sample,coef_per_minute,per_90,n
event_free_all,0.008975607092596155,0.8078046383336539,203709
event_free_starters_60plus,0.013751930030963425,1.2376737027867082,141125
