term,estimate,std_error,t_value,p_value
(Intercept),1.785793118820164,0.01527853340829705,116.88249592401219,0
minutes_played,0.009960820291055791,3.476535172657371e-5,286.51573467159847,0
goals,0.9290991512693769,0.0028764534731464645,323.0016268099285,0
assists,0.769596507026327,0.0035438410744830172,217.16450903165776,0
yellow_cards,-0.024329599175447362,0.002716220539014129,-8.957151610479302,3.3486795575010787e-19
red_cards,-1.029062350005721,0.011372970658824462,-90.48316230441128,0
is_home_teamTRUE,0.021232892016529857,0.001883944691412459,11.270443401717285,1.8597167815456367e-29
team_loo,0.6182563043171921,0.0022257511600587932,277.77422535449153,0
