term,estimate,std_error,t_value,p_value
(Intercept),2.519877274777386,0.02443570207356308,103.12276959308791,0
minutes_played,0.01004645833909693,5.979773405253628e-5,168.00734172084933,0
goals,0.9520283493498216,0.0050706033607285286,187.754450825954,0
assists,0.7992764540258394,0.006245577334767525,127.97479098953312,0
yellow_cards,-0.023192940291612875,0.0047013083045646265,-4.933294901994457,8.097025484195136e-7
red_cards,-1.0430653582015104,0.019229086880447385,-54.24414402444275,0
is_home_teamTRUE,0.038444487804776266,0.003270088182873926,11.756407061472336,6.837029806081772e-32
team_loo,0.5098522820012282,0.003553306098702799,143.48673259175712,0
