minutes,mean_rating,sd_rating,share_below_5_5,share_above_7_5,n
0-14,6.233191382765531,0.3624704871740437,0.007443458345261953,0.006584597766962496,13972
15-29,6.353197563185983,0.45472510095812807,0.01014500050347397,0.020642432786224952,39724
30-44,6.432541719002333,0.5440702238985616,0.02431365512291405,0.03525928584245469,11146
45-59,6.48192030848329,0.6367090460396866,0.026845391112743297,0.05174439955930959,27230
60-74,6.75687076923077,0.7376542627449839,0.01769230769230769,0.13505128205128206,39000
75-89,7.076191348236818,0.7883394756263566,0.013265739107130893,0.26366214797775644,44777
90-120,7.066172793637029,0.8385810004031605,0.0336725356231208,0.27498090697050387,145341
