minutes,mean_rating,sd_rating,share_below_5_5,share_above_7_5,n
0-14,6.235857137093521,0.3669736822842154,0.007826999112402162,0.007020091987412249,49572
15-29,6.353590014115867,0.45171964769672157,0.00944453337602049,0.02080998879462142,137434
30-44,6.430166098253105,0.5426081810318668,0.025591627398401498,0.03634375569498321,38411
45-59,6.485651291068756,0.5870874345737384,0.02487937116002554,0.05034487811515475,95541
60-74,6.763878368268964,0.7002371916207619,0.01588605459639447,0.1339826617575873,136346
75-89,7.086337944576686,0.7838928392203202,0.012716171763027131,0.26933786249613273,158381
90-120,7.072024127588679,0.8105144009751646,0.03188002856462747,0.2750545108307546,525125
