fotmob_position_group,n,r2_full,r2_goals_assists_only,coef_goal,coef_assist,coef_red,coef_per_90min,team_passthrough
attackers,36587,0.7509946635136596,0.6413225504854556,1.033309976935999,0.8575905236548752,-1.0746984320618271,0.7163458415875146,0.3865583932932407
defenders,41958,0.5032897290400737,0.1664891266685663,0.9219393403435101,0.7275670756308031,-1.0486412581595155,0.8281810799418383,0.8209576887958906
keepers,9983,0.24095115280444057,0.003903912779958718,1.158581644700105,0.7639660051534176,-1.3011761722915172,0.7041028042984968,1.2034407516231944
midfielders,46903,0.6481990982147342,0.40188709559646274,0.9556210487772026,0.7821153399305204,-1.037902729868559,0.9612441591771097,0.5210336139747733
