fotmob_position_group,n,r2_full,r2_goals_assists_only,coef_goal,coef_assist,coef_red,coef_per_90min,team_passthrough
attackers,34671,0.7425252564560612,0.6412038432552913,1.0466678283087645,0.8821889735835493,-1.0572937368407092,0.6989556180865921,0.31602457045547383
defenders,41901,0.46575250730379514,0.1579095681749103,0.9717283811370119,0.7770045336764982,-1.0613204526421223,0.8656054906884985,0.6799715024136928
keepers,9387,0.2112709878120168,0.0029346786443987805,NA,0.7332389816572316,-1.8702807163659456,0.6456862085072064,1.0277656963380581
midfielders,46599,0.6320738859420536,0.38796010458857677,0.979115463385936,0.8194514036054236,-1.0209521186398656,0.9625033541818018,0.4301754431561866
