fotmob_position_group,n,r2_full,r2_goals_assists_only,coef_goal,coef_assist,coef_red,coef_per_90min,team_passthrough
attackers,34581,0.7425670113290128,0.6411830027941195,1.0466342261197616,0.8824239963175488,-1.0574643059184354,0.6994002386492226,0.3166034850595094
defenders,41645,0.4666692082110897,0.1583174664321254,0.9704205242669295,0.7768483577836176,-1.0612604144463103,0.8667409645454359,0.6802103564766223
keepers,9376,0.21137335099284216,0.002932661415584348,NA,0.7328402900880182,-1.8703545015121519,0.6460004591707602,1.0282585918823328
midfielders,46399,0.6320588059239802,0.38793993033324314,0.9791253513822233,0.8193438359342696,-1.0208637032419252,0.9619961874886841,0.43042198545019983
