fotmob_position_group,n,r2_full,r2_goals_assists_only,coef_goal,coef_assist,coef_red,coef_per_90min,team_passthrough
attackers,131663,0.7478056719711166,0.6350487040061601,1.0274410930051419,0.8527878810479016,-1.050215858876964,0.7115242616577354,0.39478623675502394
defenders,157790,0.5026484344069662,0.16830533327447272,0.919734215963276,0.7286236397513504,-1.036366377415191,0.8415326402202984,0.8202084671086132
keepers,40059,0.23432069700035407,0.004759348418232001,1.1432564846629085,0.8215557973175244,-1.1956544190445322,0.6741300814827438,1.1956466016456933
midfielders,175348,0.6444601798779459,0.3789026064319735,0.9543922125419162,0.7844588581491222,-1.0462861094242362,0.9671089715657419,0.5279674706904042
