fotmob_position_group,n,r2_full,r2_goals_assists_only,coef_goal,coef_assist,coef_red,coef_per_90min,team_passthrough
attackers,36554,0.7509568166679529,0.641228223624266,1.03322958726614,0.8575404615921102,-1.0747994883121719,0.716640262639082,0.38642165373022797
defenders,41865,0.5033326612670559,0.1665679058814442,0.9217754057726959,0.727324208944258,-1.0482975177871785,0.8286227067239662,0.8212451513450709
keepers,9981,0.24074891030416923,0.0039033829249188745,1.1584626043367547,0.7639202693031908,-1.3013891884049211,0.7044287108269658,1.2028741659600068
midfielders,46879,0.6483195548718383,0.4019181769745478,0.9556644308958487,0.7818917178906898,-1.040392258901779,0.9614352447684718,0.5212406358085777
