fotmob_position_group,n,r2_full,r2_goals_assists_only,coef_goal,coef_assist,coef_red,coef_per_90min,team_passthrough
attackers,39143,0.7389768339512632,0.6372591550223037,1.0458759987168469,0.8844038030937702,-1.0763959643222811,0.6964302975630492,0.31826363629360266
defenders,46279,0.46656333510119985,0.15825069489458643,0.9718515046500306,0.7707494550041697,-1.0638928834797934,0.8649801212429855,0.6802889060398334
keepers,10849,0.19819548871932424,0.003273932428219717,1.1770842624226414,0.7236389569043093,-1.8651655150677635,0.7273821147752376,0.99664933201197
midfielders,51731,0.6275955666687667,0.3837287787356204,0.9732013348305241,0.8143334100317362,-0.9957669873682039,0.9712245723018967,0.4305412823157478
