spec,r2
minutes,0.15363101584737726
goals_assists,0.3359173246410476
minutes_goals_assists,0.4681919594966424
plus_cards_home,0.4444986584809538
plus_team_day,0.5520031888637706
team_day_only,0.17894394776612332
