spec,r2
minutes,0.15091722089073656
goals_assists,0.30878458541425524
minutes_goals_assists,0.42741010224340814
plus_cards_home,0.44555720335909577
plus_team_day,0.5519283702642026
team_day_only,0.18139073507872427
