var_between,var_within,icc,level
0.4185839990055457,0.4109289872354733,0.5046141602946818,team_match
