var_between,var_within,icc,level
0.3786078887311305,0.4454686756117748,0.45943290358344485,team_match
