var_between,var_within,icc,level
0.265133656941024,0.4377051261126125,0.37723253658412664,team_match
