players,between_sd,within_sd
22368,0.292033841141837,0.7367901344664353
