players,between_sd,within_sd
13582,0.35533363122488726,0.7367974696608385
