players,between_sd,within_sd
11316,0.3507857604699993,0.7433370617176552
