season,observations,fotmob_rows,positive_mean_rating_observations,positive_weighted_rating_observations,mean_rating_coverage_share,weighted_rating_coverage_share
2021/2022,19,0,0,0,0,0
2022/2023,26395,0,0,0,0,0
2023/2024,39938,0,0,0,0,0
2024/2025,44668,9830,8058,8058,0.18039760007163966,0.18039760007163966
2025/2026,35465,30662,26688,26688,0.752516565628084,0.752516565628084
