season,observations,fotmob_rows,positive_mean_rating_observations,positive_weighted_rating_observations,mean_rating_coverage_share,weighted_rating_coverage_share
2021/2022,19,0,0,0,0,0
2022/2023,26464,10238,8835,8834,0.33384975816203144,0.33381197097944376
2023/2024,40197,12459,10657,10657,0.2651192875090181,0.2651192875090181
2024/2025,45717,33647,28090,28090,0.6144322680840825,0.6144322680840825
2025/2026,49776,45324,38050,38050,0.7644246223079396,0.7644246223079396
