season,observations,fotmob_rows,positive_mean_rating_observations,positive_weighted_rating_observations,mean_rating_coverage_share,weighted_rating_coverage_share
2021/2022,20,0,0,0,0,0
2022/2023,33642,13048,10782,10779,0.32049224184055647,0.3204030675940788
2023/2024,52150,29907,25056,25054,0.48046021093000957,0.4804218600191755
2024/2025,66780,46219,38023,38021,0.5693770589997005,0.5693471099131476
2025/2026,67122,55991,46099,46098,0.6867941956437532,0.6867792973987664
