season,observations,fotmob_rows,positive_mean_rating_observations,positive_weighted_rating_observations,mean_rating_coverage_share,weighted_rating_coverage_share
2021/2022,19,0,0,0,0,0
2022/2023,26447,5719,5090,5090,0.19246039248307936,0.19246039248307936
2023/2024,40097,7494,6620,6620,0.1650996333890316,0.1650996333890316
2024/2025,45589,24584,20574,20574,0.4512930750839018,0.4512930750839018
2025/2026,47370,42483,35738,35738,0.7544437407641967,0.7544437407641967
