season,observations,fotmob_rows,positive_mean_rating_observations,positive_weighted_rating_observations,mean_rating_coverage_share,weighted_rating_coverage_share
2021/2022,20,0,0,0,0,0
2022/2023,44639,35919,30580,30566,0.6850511884226798,0.6847375613252985
2023/2024,54923,38581,32866,32860,0.5984013983212861,0.5982921544708045
2024/2025,65995,45541,37861,37860,0.5736949768921888,0.5736798242291082
2025/2026,66478,57208,47284,47283,0.7112729023135473,0.7112578597430729
