sign_bin_6m,observations,players,signing_month_observations,mean_months_from_sign,mean_days_to_expiry,mean_rating,sd_rating,mean_weighted_rating,sd_weighted_rating,mean_fotmob_minutes
-24:-18,8306,1584,0,-20.562581931020212,692.888032747403,6.799250623742455,0.5715262696755118,6.839221934648096,0.5903698370578697,159.76657329598518
-18:-12,9971,2239,0,-14.834656509132726,603.8898806539066,6.836146905160724,0.5609200388510139,6.875519446161285,0.5820519197996566,169.9964463397298
-12:-6,14593,2571,0,-8.852729239524324,545.6981429452245,6.836068939284254,0.7184867707183283,6.91892886186041,0.6217235238421995,177.8291844313042
-6:0,13478,3142,0,-3.197036041992994,458.78661522482673,6.49396790836604,1.2687281999844016,6.800691483582365,0.8450526334379722,184.3532410779329
0:6,22630,3534,3691,2.7689730179201133,1012.4822801590329,6.212382302584707,1.5049210200651844,6.6956365161715805,0.9336662055185287,190.72700919015412
6:12,16102,3264,276,8.861449292299044,901.3000248416016,6.291385542655631,1.4172510939466518,6.747381036637852,0.8358304646336507,187.71895925004657
12:18,12738,2297,287,14.976013084072427,849.1793060134964,6.366256985645505,1.3697030863923445,6.7923152887986875,0.82040091036987,201.4373949995057
18:24,8944,1986,256,20.54409140007381,810.2822003577988,6.2938170610475535,1.4023673630760771,6.749072337938163,0.8334726253395196,198.63135783945975
