sign_bin_6m,observations,players,signing_month_observations,mean_months_from_sign,mean_days_to_expiry,mean_rating,sd_rating,mean_weighted_rating,sd_weighted_rating,mean_fotmob_minutes
-24:-18,8293,1582,0,-20.562225507857505,692.9857711322767,6.848057372346529,0.569908363013165,6.888365764997956,0.5822059394639857,176.4790356394128
-18:-12,9961,2237,0,-14.834985220282887,604.1312117257472,6.8947658765941,0.5363910276418946,6.937376212073653,0.5548494106333,189.52470588235263
-12:-6,14559,2569,0,-8.852409322924466,546.4318977951793,6.730036491692195,0.9585734505668767,6.894251319485076,0.6873197182804235,179.78435054773007
-6:0,13426,3137,0,-3.200656227654075,458.7440786533467,6.225144685319007,1.562892957700084,6.739497593414503,0.9817934189847339,194.73302570863507
0:6,22140,3534,3691,2.7381378445847537,1011.6479674796908,5.888747117629712,1.7466757151071026,6.619358664949453,1.0580508449016357,199.20194192054208
6:12,14532,2733,276,8.899470306682828,915.6322598403291,5.949251072484778,1.6944951603866165,6.685415567784485,0.9476305230236254,197.3211234979015
12:18,12103,2174,287,14.947445725112624,852.4206395108782,6.1014713160339715,1.6138963655189065,6.74547097492221,0.9290975585043031,208.83140978816647
18:24,7871,1487,256,20.619179405896425,834.8721890483912,5.897459639652962,1.7098595517517958,6.662173276990687,0.9681153427071946,210.7816275359015
