sign_bin_6m,observations,players,signing_month_observations,mean_months_from_sign,mean_days_to_expiry,mean_rating,sd_rating,mean_weighted_rating,sd_weighted_rating,mean_fotmob_minutes
-24:-18,11124,2170,0,-20.571829516131853,706.9168464581152,6.824418004745351,0.5732339377628899,6.865940057020009,0.5905723013386226,160.4876168224305
-18:-12,13743,3082,0,-14.847357962094284,618.6882049043104,6.83693210386274,0.5749225791969786,6.8768602953502205,0.5842281868080318,167.5747472956204
-12:-6,19376,3413,0,-8.898932841311195,549.5918146160393,6.806824980459669,0.7920708913550067,6.905356026732823,0.6492338331348819,177.81883173496308
-6:0,17059,3870,0,-3.230505798881964,453.9847001582914,6.53493328674625,1.215901027003082,6.817017178086401,0.7994363122753358,182.06877686595968
0:6,27720,4427,4639,2.745105219645297,986.1057720057136,6.347718574903035,1.384070584805566,6.737235146966688,0.8690456133804084,186.37125224519525
6:12,19633,3913,350,8.851568864216855,872.252279325629,6.4186235406648295,1.3092583916502256,6.785632876697784,0.7866845828839191,186.12027616278888
12:18,14908,2702,360,14.973235317657453,829.3416957338343,6.441242150961114,1.302612684377983,6.812277078330865,0.7963226522451312,199.47433467908027
18:24,10512,2301,318,20.556373718191036,785.5463280060962,6.359940107676326,1.3508223537802486,6.769930034578327,0.8083079904924656,196.12463022508058
