sign_bin_6m,observations,players,signing_month_observations,mean_months_from_sign,mean_days_to_expiry,mean_rating,sd_rating,mean_weighted_rating,sd_weighted_rating,mean_fotmob_minutes
-24:-18,8293,1582,0,-20.562225507857505,692.9857711322767,6.8448203643793635,0.5710467503945876,6.884661430806966,0.5834740276927287,176.8411214953274
-18:-12,9963,2237,0,-14.834714330011845,604.0736725885881,6.8857245761111745,0.5448288179148358,6.927445190344902,0.5637531121645933,188.11318150448562
-12:-6,14564,2569,0,-8.852794282231022,546.316602581684,6.781355830790403,0.8794390360531433,6.914664381040195,0.6659331569489546,178.66089566020233
-6:0,13438,3138,0,-3.199590018616677,458.71297812175413,6.30044524356869,1.4987300186119061,6.76033429904139,0.9473280452560191,192.79988331388643
0:6,22516,3534,3691,2.7615010053297775,1013.0117694084511,6.032326845525086,1.666672489505076,6.662860906761273,1.0093874372851377,197.24097947974772
6:12,15536,3127,276,8.860906414130683,910.7360324407732,6.098806195124505,1.5968539655640115,6.717729000479543,0.898644448653283,192.72145845785928
12:18,12613,2269,287,14.97345468710557,851.4151272496589,6.232459923976835,1.5102720468252502,6.77028054915478,0.8790190374485126,208.19959119874926
18:24,8755,1904,256,20.55447197058786,817.7182181610705,6.116279346732715,1.5769898616113502,6.714062184373813,0.9001814852803064,204.71656721656717
