sign_bin_6m,observations,players,signing_month_observations,mean_months_from_sign,mean_days_to_expiry,mean_rating,sd_rating,mean_weighted_rating,sd_weighted_rating,mean_fotmob_minutes
-24:-18,10981,2181,0,-20.574305205945855,702.5107003005106,6.880669071486432,0.5887804023221607,6.919571247232514,0.6033603934283759,174.7353806781831
-18:-12,13465,3089,0,-14.840941595307442,617.6770887485792,6.880301620704398,0.5668656858182386,6.917751990322982,0.5831280202767788,179.00799999999873
-12:-6,19198,3473,0,-8.891289390498544,549.2788311282247,6.910009206763139,0.5651086323232959,6.950708580060604,0.5801043663374464,190.41826554106134
-6:0,16972,3961,0,-3.2360964476390457,457.00671694555695,6.8962492853178885,0.5714249885189269,6.936239392249975,0.5859235246951278,188.47955544497228
0:6,28934,4669,4883,2.7335173157233883,974.8348309946421,6.842313496510691,0.5616018182635911,6.884687854915009,0.58037747827307,189.62461615071987
6:12,20708,4144,370,8.852600212655947,860.9499710257562,6.850538453637647,0.5734289679662918,6.891619159722749,0.5901187731965217,187.88353598422788
12:18,15874,2904,362,14.962433301540035,814.7706942169702,6.866874450496548,0.5671673089513969,6.911101036472392,0.5848367883644875,202.68623110975352
18:24,11450,2497,340,20.543100035003356,764.2509170305386,6.847798710656049,0.5620766324043038,6.890624725444105,0.5784070735873078,195.11509501613438
