age_group,mean_length,median_length,n
<=21,3.6815196258112426,3.7508555783709787,1154
22-24,3.4099538866659453,3.7453798767967146,1499
25-27,3.0725584820248235,2.915811088295688,1385
28-30,2.383336526632437,2.3326488706365502,1061
31-33,1.7834587527873713,1.8261464750171115,698
34+,1.2851844635294627,0.9965776865160849,411
