outcome,n,share
renewed,1840,0.36007827788649704
exits_panel_at_expiry,1685,0.32974559686888455
transferred_before_expiry,864,0.1690802348336595
new_club_or_free_after_expiry,721,0.1410958904109589
