age_group,mean_length,median_length,n
<=21,3.663402836156168,3.7453798767967146,1192
22-24,3.381350957708659,3.7453798767967146,1587
25-27,3.012175749523255,2.836413415468857,1496
28-30,2.3641836048569713,2.3326488706365502,1135
31-33,1.7754871456451176,1.8261464750171115,753
34+,1.264694607023736,0.9965776865160849,441
