outcome,n,share
renewed,1359,0.44166395840103995
transferred_before_expiry,615,0.19987000324991874
exits_panel_at_expiry,580,0.18849528761780956
new_club_or_free_after_expiry,523,0.16997075073123172
