outcome,n,share
renewed,1679,0.3848269539307816
exits_panel_at_expiry,1149,0.26335090534036215
transferred_before_expiry,847,0.19413247765299105
new_club_or_free_after_expiry,688,0.15768966307586524
