outcome,n,share
renewed,1841,0.3659312263963427
exits_panel_at_expiry,1625,0.32299741602067183
transferred_before_expiry,842,0.16736235340886504
new_club_or_free_after_expiry,723,0.14370900417412044
