outcome,n,share
renewed,1679,0.3859770114942529
exits_panel_at_expiry,1138,0.2616091954022989
transferred_before_expiry,847,0.1947126436781609
new_club_or_free_after_expiry,686,0.15770114942528735
