age_group,mean_length,median_length,n
<=21,3.6573230617991723,3.7453798767967146,1192
22-24,3.385935479134684,3.7453798767967146,1585
25-27,3.015560486630898,2.836413415468857,1488
28-30,2.3602963603395897,2.3326488706365502,1140
31-33,1.7706155601186404,1.8261464750171115,750
34+,1.2660771654611491,0.9965776865160849,444
