outcome,n,share
renewed,1357,0.44144437215354587
transferred_before_expiry,615,0.20006506180871828
exits_panel_at_expiry,579,0.18835393623942745
new_club_or_free_after_expiry,523,0.1701366297983084
