expiry_month,n,share
01,28,0.0019859564508121143
02,11,7.801971771047592e-4
03,17,0.0012057592737073552
04,15,0.00106390524150649
05,184,0.013050570962479609
06,11921,0.8455209589332576
07,55,0.003900985885523796
08,14,9.929782254060571e-4
09,14,9.929782254060571e-4
10,4,2.837080644017306e-4
11,13,9.220512093056245e-4
12,1823,0.12929995035108874
