expiry_month,n,share
01,30,0.0020042757883484766
02,14,9.353287012292892e-4
03,19,0.0012693746659540352
04,18,0.001202565473009086
05,259,0.017303580972741848
06,12473,0.8333110636023516
07,63,0.004208979155531801
08,17,0.0011357562800641367
09,14,9.353287012292892e-4
10,5,3.3404596472474615e-4
11,32,0.002137894174238375
12,2024,0.13522180652057722
