expiry_month,n,share
01,32,0.002112071810441555
02,14,9.240314170681803e-4
03,19,0.0012540426374496733
04,17,0.0011220381492970761
05,264,0.01742459243614283
06,12597,0.8314302686291334
07,63,0.004158141376806811
08,17,0.0011220381492970761
09,14,9.240314170681803e-4
10,5,3.3001122038149296e-4
11,32,0.002112071810441555
12,2077,0.13708666094647218
