sample_name,rating_variable,n_rows,n_players,mean,median,variance,sd,min,p10,p25,p75,p90,max,mean_minutes
all_comps_strict,fotmob_mean_rating,136628,7259,6.454577497079102,6.73333333333333,1.602476164481231,1.2658894756183223,0.4875,5.025,6.23333333333333,7.16666666666667,7.525,10,213.54898703047692
all_comps_strict,fotmob_minutes_weighted_rating,136624,7259,6.783218383633215,6.85,0.6223191390193579,0.7888720675872343,0.280952380952381,6.017187339166242,6.4,7.251766791823109,7.6,10,213.55514404497015
source_league_strict,fotmob_mean_rating,132965,7101,6.598412008083043,6.79333333333333,1.2062885268844517,1.098311671104542,0.65,5.8,6.33333333333333,7.2,7.55,10,203.10656187718575
source_league_strict,fotmob_minutes_weighted_rating,132961,7101,6.853669677223876,6.87058823529412,0.39727875535915236,0.6303005278112596,0.611111111111111,6.1,6.44,7.26926829268293,7.6079295154185,10,203.11257436391122
