sample_name,rating_variable,n_rows,n_players,mean,median,variance,sd,min,p10,p25,p75,p90,max,mean_minutes
all_comps_strict,fotmob_mean_rating,68022,5309,6.078530647488503,6.6,2.5972836726921256,1.6116090322072925,0.4875,3.3010000000000037,5.71428571428571,7.1,7.485,9.83,223.6254300079437
all_comps_strict,fotmob_minutes_weighted_rating,68022,5309,6.698110512049674,6.820214129103905,0.8652056540142692,0.9301643155992758,0.284824902723735,5.894694923148583,6.366299585694556,7.23333333333333,7.588342401934638,9.83,223.6254300079437
source_league_strict,fotmob_mean_rating,60636,4973,6.370355932276613,6.75,1.9607352397491216,1.4002625610038717,0.65,4.3,6.2,7.175,7.53333333333333,9.83,204.88073091893804
source_league_strict,fotmob_minutes_weighted_rating,60636,4973,6.8426564577904125,6.874358766233765,0.4384007171947144,0.6621183558811177,0.611111111111111,6.0983606557377,6.444042857142855,7.2691258741258755,7.609284367423905,9.83,204.88073091893804
