sample_name,fotmob_position_group,n_rows,n_players,mean,median,variance,sd
match_level_all_comps,midfielders,62422,2474,6.896358655602191,6.8,0.5586674728443694,0.7474406149282827
match_level_all_comps,defenders,55265,2325,6.885412105310776,6.9,0.559592487682787,0.7480591471820841
match_level_all_comps,attackers,48832,1991,6.782247296854521,6.6,0.6925059937671395,0.8321694501525152
match_level_all_comps,keepers,13651,684,6.920225624496374,7,1.131395289749198,1.0636706678992318
match_level_source_league,midfielders,46310,2323,6.886596847333189,6.8,0.5449677311783823,0.7382192974844144
match_level_source_league,defenders,41323,2174,6.885799675725383,6.9,0.5480917489404108,0.7403321882374228
match_level_source_league,attackers,33929,1840,6.765239175926199,6.6,0.6755058678403489,0.8218916399625615
match_level_source_league,keepers,10399,574,6.925079334551399,7,1.1230909126321404,1.0597598372424484
