sample_name,rating_variable,n_rows,n_players,mean,median,variance,sd,min,p10,p25,p75,p90,max,mean_minutes
all_comps_strict,fotmob_mean_rating,119955,7202,6.3871760451595465,6.7,1.7418519803046035,1.3197924004572097,0.4875,4.71428571428571,6.2,7.13333333333333,7.5,10,212.33483389606127
all_comps_strict,fotmob_minutes_weighted_rating,119952,7202,6.756342959251918,6.825,0.6548548052078201,0.8092309961981314,0.280952380952381,6,6.4,7.23333333333333,7.587985124856969,10,212.34005268771733
source_league_strict,fotmob_mean_rating,116292,7033,6.549509346136915,6.75,1.3125804929857923,1.1456790532194399,0.65,5.667000000000003,6.3,7.175,7.53333333333333,10,200.35701509990457
source_league_strict,fotmob_minutes_weighted_rating,116289,7033,6.8360480884352395,6.85,0.40220470607116265,0.6341961101040928,0.611111111111111,6.1,6.41947368421053,7.25,7.6,10,200.36208927756292
