sample_name,transformation,n_rows,n_players,n_matches,mean,median,variance,sd,min,p10,p25,p75,p90,max
match_level_all_comps,log_rating,180170,7474,14615,1.9194285549764558,1.916922612182061,0.013811782371678346,0.11752353964920537,-0.2231435513142097,1.791759469228055,1.840549633397487,2.0014800002101243,2.066862759472976,2.302585092994046
match_level_all_comps,standardized_within_sample,180170,7474,14615,-7.215178421733162e-14,-0.07977930668238627,0.9999999999990253,0.9999999999995126,-7.572982843735976,-1.0788731116228647,-0.7042129347701854,0.6695410470229733,1.2939746751107724,3.9165959130795285
match_level_source_league,log_rating,131961,6911,8931,1.9187131494112262,1.916922612182061,0.013590651080785186,0.11657894784559168,-0.2231435513142097,1.791759469228055,1.840549633397487,2.0014800002101243,2.066862759472976,2.302585092994046
match_level_source_league,standardized_within_sample,131961,6911,8931,1.5189096560937099e-13,-0.07340426029801556,0.999999999999691,0.9999999999998455,-7.6438406958320435,-1.0827957850358858,-0.7042739632591846,0.683639383255388,1.314509086216557,3.9641618386534665
