variable,n_bosman,n_non_bosman,mean_bosman,mean_non_bosman,diff,sd_bosman,sd_non_bosman,smd,p_value
Age,12664,133353,27.57075173720837,24.917827120506413,2.652924616701956,4.754184982877114,4.049271674971315,0.6007777811776958,0
crosswalk_candidate_score,2513,30036,138.54556307202546,138.87534958050338,-0.32978650847792323,12.703894925148278,12.302996354079953,-0.026372261452936762,0.2102668467711876
PlayerHeight,12197,127019,1.828641469213741,1.8294811012525678,-8.396320388268652e-4,0.06946557763592799,0.06860319453857867,-0.012162281851178191,0.20181499489834423
