variable,n_bosman,n_non_bosman,mean_bosman,mean_non_bosman,diff,sd_bosman,sd_non_bosman,smd,p_value
Age,23310,196021,27.54903474903475,24.772957999398027,2.7760767496367222,4.750316744349175,4.201389142446673,0.6190712843776646,0
crosswalk_candidate_score,15537,131593,131.23865611121838,136.48058787321514,-5.241931761996767,17.807611757472316,14.675188298718663,-0.3212609184003991,4.27808440350115e-264
PlayerHeight,22198,184800,1.826317686278043,1.8278661255411255,-0.0015484392630824573,0.06915270801321186,0.06984999414978463,-0.022278988207806143,0.0016414240001105106
