variable,n_bosman,n_non_bosman,mean_bosman,mean_non_bosman,diff,sd_bosman,sd_non_bosman,smd,p_value
Age,23135,195517,27.554138750809734,24.775144872311987,2.7789938784977473,4.757343116751363,4.2010054324987145,0.6192325243402763,0
crosswalk_candidate_score,13573,116354,131.02924924482426,136.67437303401698,-5.6451237891927235,17.873259032712607,14.494999606191453,-0.3469217561274087,4.716568980417002e-265
PlayerHeight,22023,184314,1.8262797983925896,1.8278647850950003,-0.0015849867024106956,0.06926344980047607,0.06986116526646391,-0.022784926651976966,0.0013445188980273652
