variable,n_bosman,n_non_bosman,mean_bosman,mean_non_bosman,diff,sd_bosman,sd_non_bosman,smd,p_value
Age,25700,207958,27.5587159533065,24.80547514402917,2.7532408092773295,4.676841989135235,4.1890794763097965,0.6201461721469597,0
crosswalk_candidate_score,17399,140606,129.08098166561305,135.30222750096104,-6.221245835347986,18.546683651537947,15.59083339207602,-0.36312278258513464,0
PlayerHeight,24513,195946,1.8264047648186676,1.8278658916232013,-0.0014611268045336967,0.06858517862222822,0.06977667959778702,-0.021119586705017325,0.001700004477904542
