variable,n_bosman,n_non_bosman,mean_bosman,mean_non_bosman,diff,sd_bosman,sd_non_bosman,smd,p_value
Age,25264,205703,27.582370170992945,24.818991458553523,2.7633787124394225,4.6903591645115235,4.185400286784876,0.621674675994267,0
crosswalk_candidate_score,17462,140806,129.1060588706905,135.32580287771705,-6.219744007026549,18.52539569674196,15.57087592509594,-0.3634722245557609,0
PlayerHeight,24106,194011,1.8259142951962166,1.827657607042899,-0.001743311846682305,0.06864580378781929,0.0697038881756398,-0.02520079142524111,2.0571512507948912e-4
