"sample_name","side","cutoff_days","bandwidth_days","n_rows","n_players","mean_age","mean_minutes","mean_matches","mean_rating","weighted_rating"
"all_comps","above_cutoff",180,90,10530,3750,27.2769406828148,171.102831384701,3.47598253275109,5.81013911306567,6.50155990356302
"all_comps","inside_cutoff",180,90,15404,3644,27.5472510271955,174.147281173148,3.5020493669733,5.66747401599016,6.46332908911782
"source_league","above_cutoff",180,90,10490,3734,27.2807773310362,160.829704397981,3.2618601297765,5.97220807523279,6.61174170247296
"source_league","inside_cutoff",180,90,15341,3622,27.5476096922072,170.226995591407,3.40765406622269,5.83468248821799,6.57347933374438
