sample_name,expiry_window,n_rows,n_players,mean_rating_raw,weighted_rating_raw
source_league,0-180,23703,4035,6.815045696998052,6.8530025179156056
source_league,181-360,27601,4876,6.817648697597542,6.852588372403135
source_league,361-720,65556,5894,6.843309574494263,6.881439695262764
source_league,721+,114893,6326,6.846945922341132,6.887706929856688
all_comps,0-180,23776,4054,6.8139258773721965,6.852777117923171
all_comps,181-360,27684,4889,6.819516728896602,6.857813893818176
all_comps,361-720,65629,5902,6.841808069089755,6.882312854460507
all_comps,721+,114966,6332,6.845662148565939,6.889717595838188
