panel,outcome_name,wage_tercile,term,estimate,std_error,t_value,p_value,nobs
full,played,low_pressure,BosmanTRUE,-6.309992880628607e-4,0.009068798117570432,-0.06957915259358624,0.9445345681234614,27840
strict,z_weighted,low_pressure,BosmanTRUE,0.021100976992142275,0.03376190017970374,0.6249937616019405,0.5320379979600836,24865
full,played,mid_pressure,BosmanTRUE,0.0020728502592138875,0.009642196156276197,0.21497698507872084,0.8298034743207635,23604
strict,z_weighted,mid_pressure,BosmanTRUE,0.0301686898745687,0.03856084165342213,0.7823659593771171,0.43407937665255647,21113
full,played,high_pressure,BosmanTRUE,-0.0024755928212056404,0.010280633371298352,-0.24080158603039406,0.8097305983982525,24255
strict,z_weighted,high_pressure,BosmanTRUE,-0.001812338039583686,0.03490605154754058,-0.051920453882197404,0.9585967665885351,21521
