"sample_name","side","cutoff_days","bandwidth_days","n_rows","n_players","mean_age","mean_minutes","mean_matches","mean_rating","weighted_rating"
"all_comps","above_cutoff",180,90,10595,3769,27.2728651312672,172.295771174948,3.40130686721736,5.95364959410431,6.56338609610579
"all_comps","inside_cutoff",180,90,15528,3677,27.5394966681762,181.285026480501,3.52615952495587,5.81756665075495,6.52668801147643
"source_league","above_cutoff",180,90,10555,3753,27.2766625440015,163.355480055367,3.21291053227633,6.09828516966904,6.66032615503677
"source_league","inside_cutoff",180,90,15465,3655,27.5398207093673,178.030385375494,3.44392292490119,5.96912506438607,6.6244829517745
