sample_name,expiry_window,n_rows,n_players,mean_rating_raw,weighted_rating_raw
source_league,0-180,24106,4117,6.813535197573245,6.851274953066852
source_league,181-360,28072,4985,6.8168717689736305,6.8516900232187155
source_league,361-720,66415,5997,6.8426177553258105,6.880586249330921
source_league,721+,115875,6420,6.84680266874166,6.887522070062448
all_comps,0-180,24179,4136,6.8125760159102136,6.850978710512954
all_comps,181-360,28143,4994,6.8201393136877915,6.857781422364798
all_comps,361-720,66479,6005,6.842797241698896,6.882630571892718
all_comps,721+,115934,6425,6.847055915131817,6.890738396383554
