exercise,outcome_name,note,term,estimate,std_error,t_value,p_value,nobs
twoway_cluster,z_ls,"player+Month FE, cluster player & Month",BosmanTRUE,0.028843658635917195,0.011907909750584015,2.42222684249875,0.0193353507955991,149017
twoway_cluster,z_ls,"spell+league-month FE, cluster player & Month",BosmanTRUE,-0.018245810524895364,0.011884017958145953,-1.5353233720409092,0.1314094699397464,149017
position_standardized,z_lsp,player+Month FE,BosmanTRUE,0.03016396295926491,0.010859204853819382,2.777732197275539,0.005486978266696126,149011
position_standardized,z_lsp,spell+league-month FE,BosmanTRUE,-0.018862246766523472,0.0122152284628994,-1.5441583285824472,0.12259032659431156,149011
lee_bound,z_ls,"lower bound (trim control group, league-month FE)",BosmanTRUE,-0.20052100191923655,0.013618114873590183,-14.724578532386298,2.3970297903585037e-48,77766
lee_bound,z_ls,"upper bound (trim control group, league-month FE)",BosmanTRUE,0.1015446669208631,0.013440635024219142,7.555049797713149,4.721290182944631e-14,77766
lee_bound,z_ls,untrimmed reference (league-month FE),BosmanTRUE,-0.05232005613118102,0.013610496212532316,-3.8440961530120843,1.2206846567267887e-4,91020
