outcome_name,spec_name,term,estimate,std_error,t_value,p_value,nobs
z_starts60,player+month,BosmanTRUE,0.05862503750427428,0.025303171443689338,2.316904726142362,0.020549209700291244,31821
z_starts60,spell+league-month,BosmanTRUE,0.029463322149642476,0.0323734146898281,0.9101085700082175,0.3628092132692736,31821
z_starts60,spell+club-month,BosmanTRUE,-0.0055956397210032635,0.038779190375105174,-0.14429490834845948,0.8853046343941624,31821
rating_binz,player+month,BosmanTRUE,0.035402563778292706,0.015963433116986236,2.2177287002644714,0.026616149467454154,38784
rating_binz,spell+league-month,BosmanTRUE,0.010939697745327149,0.019288257516410407,0.5671687935532631,0.5706238494195812,38784
rating_binz,spell+club-month,BosmanTRUE,-0.004773252148083971,0.022856837007180733,-0.20883257585397313,0.8346303029279031,38784
