sample_name,expiry_window,n_rows,n_players,mean_rating_raw,weighted_rating_raw
source_league,0-180,21966,3683,6.040166037454585,6.637111551051286
source_league,181-360,25593,4480,6.118021717180216,6.660050178816952
source_league,361-720,61478,5448,6.2594121718868845,6.725849969400404
source_league,721+,110993,5987,6.270198137293814,6.735167192049425
all_comps,0-180,22040,3702,5.8804251679939785,6.5323051043251965
all_comps,181-360,25690,4496,5.971966096174643,6.549307961897046
all_comps,361-720,61566,5457,6.098092255290781,6.603288834920173
all_comps,721+,111100,5992,6.108133217126155,6.619024304219949
