panel,outcome_name,wage_tercile,term,estimate,std_error,t_value,p_value,nobs
full,played,low_pressure,BosmanTRUE,-0.02189994481853293,0.014216505194680052,-1.5404591014905753,0.12362733262751861,19859
strict,z_weighted,low_pressure,BosmanTRUE,0.032494119768112534,0.040058443753101504,0.8111678019343099,0.4173836708981311,17511
full,played,mid_pressure,BosmanTRUE,-0.011751721972242824,0.014726219053476325,-0.798013524691436,0.4249686131932977,17554
strict,z_weighted,mid_pressure,BosmanTRUE,0.03896483863508654,0.0467901909629757,0.832756563569462,0.40509764984882557,15490
full,played,high_pressure,BosmanTRUE,0.00868365849085526,0.01367678532026329,0.6349195580331074,0.5255676997574364,17446
strict,z_weighted,high_pressure,BosmanTRUE,-0.0025980141981201232,0.042860105857469515,-0.06061614049110777,0.9516724468008371,15239
