variant,outcome_name,term,estimate,std_error,t_value,p_value,nobs
"played, spell + club-month FE, cluster club",played,BosmanTRUE,-0.023572086974192427,0.006384245728045163,-3.692227395108447,2.3056008707096642e-4,152926
"minutes, spell + club-month FE, cluster club",Minutes_tm,BosmanTRUE,-5.2231727341994985,2.5934941063035004,-2.013952035404496,0.04419935613329175,152926
"z mean rating, spell + club-month FE, cluster club",z_mean,BosmanTRUE,-0.04938576297003178,0.027944407379320163,-1.7672861084389633,0.07753287628886538,62606
"z weighted rating, spell + club-month FE, cluster club",z_weighted,BosmanTRUE,-0.0018672714202225536,0.02239497415996312,-0.08337903883634705,0.9335694461478714,62606
"z mean rating, regulars 270+ min, spell + club-month FE",z_mean,BosmanTRUE,-0.019471141321679545,0.029099185050868892,-0.6691301246973631,0.5036399155408761,24155
"z weighted rating, regulars 270+ min, spell + club-month FE",z_weighted,BosmanTRUE,-0.005009842315409521,0.03108674409733739,-0.16115686801174584,0.8720177885993559,24155
