outcome_name,spec_name,term,estimate,std_error,t_value,p_value,nobs
z_starts60,player+month,BosmanTRUE,0.010476982266225631,0.02135394640185859,0.4906344742587601,0.6237075158259646,44539
z_starts60,spell+league-month,BosmanTRUE,0.005315976856159132,0.025102268991319388,0.21177276277285728,0.8322933455340122,44539
z_starts60,spell+club-month,BosmanTRUE,0.02136033751965924,0.029238988202435513,0.7305429781554477,0.46526132889837624,43662
rating_binz,player+month,BosmanTRUE,0.008918183830577362,0.013909301516065226,0.6411669069274881,0.5214430417250844,55572
rating_binz,spell+league-month,BosmanTRUE,0.005797700179597889,0.016168870969050293,0.3585717389108726,0.719930324784455,55572
rating_binz,spell+club-month,BosmanTRUE,0.019679005967240842,0.01841264127866577,1.0687769163266312,0.2854499382859903,54349
