outcome_name,spec_name,term,estimate,std_error,t_value,p_value,nobs
z_starts60,player+month,BosmanTRUE,0.011878195074812465,0.02368692852451898,0.5014662438195405,0.6160725520968446,36712
z_starts60,spell+league-month,BosmanTRUE,0.0015589385159577927,0.027706594542808504,0.05626597355907925,0.9551329314024358,36712
z_starts60,spell+club-month,BosmanTRUE,0.014332653432893725,0.033694420847085786,0.42537171058493944,0.6706957192863374,36712
rating_binz,player+month,BosmanTRUE,-7.761522372078189e-4,0.015504408727701605,-0.05006009908788549,0.9600770138463572,45385
rating_binz,spell+league-month,BosmanTRUE,-0.011745504177972542,0.01764090434479028,-0.6658107741194816,0.5055707302852871,45385
rating_binz,spell+club-month,BosmanTRUE,-0.0024458832865515423,0.01924564829256771,-0.12708760179806955,0.898904858245797,45385
