panel,outcome_name,wage_tercile,term,estimate,std_error,t_value,p_value,nobs
full,played,low_pressure,BosmanTRUE,-0.047522622153239005,0.0195981735882179,-2.4248495370920087,0.015475404080112496,13845
strict,z_weighted,low_pressure,BosmanTRUE,0.011285471622276302,0.046756894861618936,0.2413648651322255,0.8093184564181363,12367
full,played,mid_pressure,BosmanTRUE,-0.017053915154285282,0.018912030890494116,-0.9017495399109785,0.3673797373880291,14643
strict,z_weighted,mid_pressure,BosmanTRUE,0.04568808475619733,0.041347813525671136,1.1049697882532894,0.26941063122255066,13064
full,played,high_pressure,BosmanTRUE,-0.007332682117426831,0.019027755869355803,-0.38536767907749514,0.7000448267894728,13223
strict,z_weighted,high_pressure,BosmanTRUE,-0.022645949213178796,0.05298975327855828,-0.42736468490677476,0.6692056378681022,11832
