exercise,outcome_name,note,term,estimate,std_error,t_value,p_value,nobs
twoway_cluster,z_ls,"player+Month FE, cluster player & Month",BosmanTRUE,0.022903689238349335,0.025073674282659157,0.9134556419674569,0.36587133592631527,85631
twoway_cluster,z_ls,"spell+league-month FE, cluster player & Month",BosmanTRUE,-0.0013326755594608565,0.02197372549417903,-0.060648594150040244,0.9519076312129904,85631
position_standardized,z_lsp,player+Month FE,BosmanTRUE,0.022050248963885688,0.016744808530097775,1.3168409136629844,0.18794805405513454,85627
position_standardized,z_lsp,spell+league-month FE,BosmanTRUE,-8.787956585990826e-4,0.01814531229806533,-0.048431002132312745,0.9613745502010167,85627
lee_bound,z_ls,"lower bound (trim control group, league-month FE)",BosmanTRUE,-0.28782966274005023,0.020579310424353202,-13.98636090349449,1.3722473795552008e-43,34257
lee_bound,z_ls,"upper bound (trim control group, league-month FE)",BosmanTRUE,0.16038115749819562,0.021213934136122277,7.560179854857978,4.7769602943968305e-14,34257
lee_bound,z_ls,untrimmed reference (league-month FE),BosmanTRUE,-0.034100685680506476,0.02112064048892208,-1.6145668356218894,0.1064669560986214,42519
