outcome_name,spec_name,term,estimate,std_error,t_value,p_value,nobs
z_starts60,player+month,BosmanTRUE,0.05862503750427428,0.025303171443689338,2.316904726142362,0.020549209700291244,31821
z_starts60,spell+league-month,BosmanTRUE,0.029463322149642528,0.03237341468982811,0.910108570008219,0.36280921326927273,31821
z_starts60,spell+club-month,BosmanTRUE,-0.005595639721003041,0.038779190375105264,-0.1442949083484534,0.8853046343941671,31821
rating_binz,player+month,BosmanTRUE,0.035402563778292706,0.015963433116986236,2.2177287002644714,0.026616149467454154,38784
rating_binz,spell+league-month,BosmanTRUE,0.010939697745327144,0.019288257516410407,0.5671687935532628,0.5706238494195812,38784
rating_binz,spell+club-month,BosmanTRUE,-0.004773252148175528,0.022856837007379876,-0.20883257585615933,0.8346303029261969,38784
