outcome_name,spec_name,term,estimate,std_error,t_value,p_value,nobs
z_starts60,player+month,BosmanTRUE,0.01810860347132064,0.011065893877124198,1.6364338635810864,0.10179025505000631,122338
z_starts60,spell+league-month,BosmanTRUE,-0.010845423851477486,0.012784833697420362,-0.8483038659834741,0.39629550241321865,122338
z_starts60,spell+club-month,BosmanTRUE,-0.01501538713446199,0.015362559830360126,-0.9774013771316914,0.3285899694849005,109099
rating_binz,player+month,BosmanTRUE,0.014461295239350105,0.007090364314632494,2.039570126108486,0.041426607338057586,148995
rating_binz,spell+league-month,BosmanTRUE,-0.0035658200453097923,0.008106120119454283,-0.43989232737274675,0.6600272158222078,148995
rating_binz,spell+club-month,BosmanTRUE,6.859173941561199e-4,0.009296850796146101,0.07377954204024215,0.9411983633589219,132593
