exercise,outcome_name,note,term,estimate,std_error,t_value,p_value,nobs
twoway_cluster,z_ls,"player+Month FE, cluster player & Month",BosmanTRUE,0.04636969801202295,0.01953171421879106,2.3740721112646437,0.021822875345125944,119960
twoway_cluster,z_ls,"spell+league-month FE, cluster player & Month",BosmanTRUE,0.015365006711638162,0.019782477459646862,0.7766977995036444,0.4413128516862689,119960
position_standardized,z_lsp,player+Month FE,BosmanTRUE,0.04573192798771561,0.013355731118212347,3.4241426083633817,6.201815580483533e-4,119953
position_standardized,z_lsp,spell+league-month FE,BosmanTRUE,0.018574519291532282,0.014823504843823674,1.2530450448276742,0.21022999992716293,119953
lee_bound,z_ls,"lower bound (trim control group, league-month FE)",BosmanTRUE,-0.1573429779488911,0.014159278545271034,-11.112358404831372,1.926897569297365e-28,66318
lee_bound,z_ls,"upper bound (trim control group, league-month FE)",BosmanTRUE,0.13036403674497915,0.014233490819945105,9.158964472882692,6.811905280136945e-20,66318
lee_bound,z_ls,untrimmed reference (league-month FE),BosmanTRUE,0.0020651723815881705,0.014297064289280681,0.144447303292645,0.8851515170878199,79026
