panel,outcome_name,wage_tercile,term,estimate,std_error,t_value,p_value,nobs
full,played,q2,BosmanTRUE,-0.02990423587700392,0.08030724085089946,-0.3723728465845927,0.7109724836078459,344
strict,z_weighted,q2,BosmanTRUE,0.46948008372030975,0.23816824819938073,1.9712118944053705,0.053833317817877493,308
full,played,q3,BosmanTRUE,0.024134978028885874,0.28808482783386447,0.08377733117831622,0.9337248045797752,267
strict,z_weighted,q3,BosmanTRUE,-1.4787661336023763,0.9720490105150323,-1.5212876280989824,0.13800873810882328,239
full,played,q4,BosmanTRUE,-0.07445482691820149,0.15606213321383566,-0.47708451361602117,0.6346709960733548,695
strict,z_weighted,q4,BosmanTRUE,0.34502564064775987,0.3650726706316214,0.9450875631167415,0.3476898810598188,587
full,played,q5_top20,BosmanTRUE,0.017294629311165335,0.12244434814719135,0.14124481507611378,0.8879114280972873,1220
strict,z_weighted,q5_top20,BosmanTRUE,0.028354770174336918,0.14756714871270857,0.19214825536501667,0.8479563592451735,1039
