sample_name,expiry_window,n_rows,n_players,mean_rating_raw,weighted_rating_raw
source_league,0-180,11848,2216,4.944989173095142,6.234242970597902
source_league,181-360,16448,3011,4.618094914684157,6.154145633544499
source_league,361-720,41194,4006,5.061418869250311,6.340484815024998
source_league,721+,76995,4581,5.124994763122638,6.398379924123113
all_comps,0-180,11848,2216,4.761926945505347,6.112657360855827
all_comps,181-360,16448,3011,4.352465845004669,5.937789141110613
all_comps,361-720,41194,4006,4.738878396916205,6.023423263431924
all_comps,721+,76995,4581,4.7470781126151165,6.0802490645220875
