exercise,outcome_name,note,term,estimate,std_error,t_value,p_value,nobs
twoway_cluster,z_ls,"player+Month FE, cluster player & Month",BosmanTRUE,0.04075382469018367,0.03111757663020537,1.309672188631313,0.19742576575307336,62606
twoway_cluster,z_ls,"spell+league-month FE, cluster player & Month",BosmanTRUE,-0.01113072009623348,0.025452745286166492,-0.4373092163965119,0.6641275871744192,62606
position_standardized,z_lsp,player+Month FE,BosmanTRUE,0.034554217503907206,0.021276815549391558,1.624031445104826,0.1044287323818274,62605
position_standardized,z_lsp,spell+league-month FE,BosmanTRUE,-0.016154287610872016,0.02343049241399109,-0.6894557453357566,0.490566782540761,62605
lee_bound,z_ls,"lower bound (trim control group, league-month FE)",BosmanTRUE,-0.2857719414634702,0.022935449619393644,-12.459836027013333,4.525635102880154e-35,26621
lee_bound,z_ls,"upper bound (trim control group, league-month FE)",BosmanTRUE,0.18864675094187522,0.023853078250578814,7.908696268050751,3.208481010313149e-15,26621
lee_bound,z_ls,untrimmed reference (league-month FE),BosmanTRUE,-0.014373200617033163,0.023449048830457012,-0.6129545262562803,0.5399346249541268,34270
