panel,outcome_name,wage_tercile,term,estimate,std_error,t_value,p_value,nobs
full,played,low_pressure,BosmanTRUE,0.0022798462840184046,0.008999409393671453,0.2533328782243903,0.8000331413529616,28021
strict,z_weighted,low_pressure,BosmanTRUE,0.012925248004346346,0.03334792389506497,0.3875877864246627,0.6983573348968435,25015
full,played,mid_pressure,BosmanTRUE,0.003420348484745948,0.009837696795688888,0.34767777008992856,0.7281126686996375,23604
strict,z_weighted,mid_pressure,BosmanTRUE,0.028240703094889828,0.03865654937740001,0.7305541635177697,0.46512531600960394,21122
full,played,high_pressure,BosmanTRUE,0.0016506847549848703,0.010223626645395782,0.16145784781061598,0.8717471198297826,24178
strict,z_weighted,high_pressure,BosmanTRUE,-0.010792993622005583,0.0354599321136909,-0.30437152523026023,0.7608734122416535,21486
