panel,outcome_name,wage_tercile,term,estimate,std_error,t_value,p_value,nobs
full,played,low_pressure,BosmanTRUE,-0.04752262215323905,0.019598173588217895,-2.4248495370920113,0.015475404080112387,13845
strict,z_weighted,low_pressure,BosmanTRUE,0.011285471622276276,0.04675689486161895,0.24136486513222485,0.8093184564181367,12367
full,played,mid_pressure,BosmanTRUE,-0.01705391515428524,0.018912030890494112,-0.9017495399109765,0.3673797373880301,14643
strict,z_weighted,mid_pressure,BosmanTRUE,0.04568808475619739,0.04134781352567113,1.1049697882532912,0.26941063122254993,13064
full,played,high_pressure,BosmanTRUE,-0.0073326821174268435,0.019027755869355806,-0.3853676790774957,0.7000448267894723,13223
strict,z_weighted,high_pressure,BosmanTRUE,-0.022645949213178765,0.05298975327855828,-0.4273646849067742,0.6692056378681028,11832
