panel,outcome_name,wage_tercile,term,estimate,std_error,t_value,p_value,nobs
full,played,low_pressure,BosmanTRUE,-0.015331050518282312,0.011264094968679673,-1.3610547994233884,0.17363749874334686,24385
strict,z_weighted,low_pressure,BosmanTRUE,0.05281352842922106,0.03600484300213606,1.4668451248652243,0.1425688557808974,21629
full,played,mid_pressure,BosmanTRUE,-0.01589423843961392,0.011605570351176266,-1.3695353143934872,0.1709680073224518,21744
strict,z_weighted,mid_pressure,BosmanTRUE,0.010560435470447993,0.04020832482147692,0.26264301030534926,0.7928507006977261,19338
full,played,high_pressure,BosmanTRUE,0.002033938393238844,0.011015006309293555,0.18465158676511828,0.853520313716693,21444
strict,z_weighted,high_pressure,BosmanTRUE,0.01041997474679269,0.03911709142240001,0.26637907799110533,0.7899745583876874,18881
