exercise,outcome_name,note,term,estimate,std_error,t_value,p_value,nobs
twoway_cluster,z_ls,"player+Month FE, cluster player & Month",BosmanTRUE,0.03189524987716616,0.012121154508482942,2.6313706219027564,0.011465801136019622,148589
twoway_cluster,z_ls,"spell+league-month FE, cluster player & Month",BosmanTRUE,-0.016576118513380905,0.012117936033219553,-1.3678994894790577,0.17784857168363907,148589
position_standardized,z_lsp,player+Month FE,BosmanTRUE,0.033151703244876644,0.010908430433885782,3.0390901281173046,0.0023808725811435873,148583
position_standardized,z_lsp,spell+league-month FE,BosmanTRUE,-0.017736031176312495,0.012255318819131852,-1.4472109161798932,0.14787842161404852,148583
lee_bound,z_ls,"lower bound (trim control group, league-month FE)",BosmanTRUE,-0.19739174016757666,0.013677341720440599,-14.432025184585205,1.561533758084997e-46,77179
lee_bound,z_ls,"upper bound (trim control group, league-month FE)",BosmanTRUE,0.1060481233949862,0.013512572666415189,7.848107537550078,4.864119364878137e-15,77179
lee_bound,z_ls,untrimmed reference (league-month FE),BosmanTRUE,-0.04849577813446478,0.013677018516363708,-3.5457858067854904,3.940315098275754e-4,91259
