panel,outcome_name,wage_tercile,term,estimate,std_error,t_value,p_value,nobs
full,played,low_pressure,BosmanTRUE,-0.04833623978259706,0.02049811877298067,-2.3580817497413884,0.018515936845889484,13560
strict,z_weighted,low_pressure,BosmanTRUE,0.037860038982239295,0.0471964791474909,0.8021793079929787,0.42259908387369416,12128
full,played,mid_pressure,BosmanTRUE,-0.02264159933097917,0.019178418599612286,-1.180576970586975,0.23796769702551454,12470
strict,z_weighted,mid_pressure,BosmanTRUE,0.024045093652011715,0.055393448620968455,0.43407829356393896,0.6642993437937958,11215
full,played,high_pressure,BosmanTRUE,0.001112198679770407,0.01749007507523379,0.0635902747693346,0.949306841660589,11848
strict,z_weighted,high_pressure,BosmanTRUE,0.0029503983779949868,0.050102265031402166,0.05888752486830268,0.9530515648544955,10560
