"sample_name","side","cutoff_days","bandwidth_days","n_rows","n_players","mean_age","mean_minutes","mean_matches","mean_rating","weighted_rating"
"all_comps","above_cutoff",180,90,7163,2455,27.4102959741896,181.069381598793,3.79788838612368,4.69462023113339,6.16356740076625
"all_comps","inside_cutoff",180,90,9844,2460,27.7057682491066,176.017223049117,3.56049330214757,4.74313675522212,6.20212264381116
"source_league","above_cutoff",180,90,7080,2427,27.4103037184222,159.21815889029,3.23749474569147,4.97494279322467,6.31457116321938
"source_league","inside_cutoff",180,90,9730,2441,27.7086044830081,168.01560140916,3.36763965777554,4.93115322862129,6.33326092769742
