exercise,outcome_name,note,term,estimate,std_error,t_value,p_value,nobs
twoway_cluster,z_ls,"player+Month FE, cluster player & Month",BosmanTRUE,0.04269045304014841,0.0268969996145587,1.5871827211924816,0.11947392699902322,33007
twoway_cluster,z_ls,"spell+league-month FE, cluster player & Month",BosmanTRUE,0.05810612490617242,0.02756964949829244,2.107612028574077,0.04066813249865063,33007
position_standardized,z_lsp,player+Month FE,BosmanTRUE,0.03630144699968472,0.026027714011828778,1.3947228321006928,0.16321794250129756,33005
position_standardized,z_lsp,spell+league-month FE,BosmanTRUE,0.04913527095489993,0.029903546252672823,1.6431252179834073,0.10047729546429818,33005
lee_bound,z_ls,"lower bound (trim control group, league-month FE)",BosmanTRUE,-0.25251861009387244,0.03380921981028368,-7.468927455612696,1.1794066050902898e-13,11428
lee_bound,z_ls,"upper bound (trim control group, league-month FE)",BosmanTRUE,0.18188521051523432,0.03518979141032848,5.168692487954037,2.572439750752356e-7,11428
lee_bound,z_ls,untrimmed reference (league-month FE),BosmanTRUE,-0.03549863647807286,0.03412069285680159,-1.040384397440411,0.29827151250320294,14227
