season,estimate,p_value,nobs,bosman_rows
2022/2023,0.3044449794678621,0.0802350399483006,1969,39
2023/2024,0.2886504882652629,0.12350693662275392,2431,48
2024/2025,0.07836705264408836,0.33203799467902506,6595,423
2025/2026,-0.022178264556118123,0.8033379071385022,9796,353
