season,estimate,p_value,nobs,bosman_rows
2022/2023,0.055188525021416586,0.5898967080859421,6157,211
2023/2024,0.08598477336225102,0.21856971976549738,8088,434
2024/2025,0.07931977952144671,0.2694030110966539,9628,659
2025/2026,-0.020631366815830266,0.789309902745309,12404,481
